{
  "2024-12-1": 0,
  "2024-12-2": 0,
  "2024-12-3": 0,
  "2024-12-4": 0,
  "2024-12-5": 8217.956352,
  "2024-12-6": 5174.861524,
  "2024-12-7": 3725.593553
}