{
  "1": 0,
  "2": 0,
  "3": 0,
  "4": 0,
  "5": 8217.956352,
  "6": 5174.861524,
  "7": 3725.593553,
  "8": 3547.810745,
  "9": 7173.764,
  "10": 6265.247851,
  "11": 0,
  "12": 4599.210504,
  "13": 3651.587248,
  "14": 8985.60868,
  "15": 1217.897277,
  "16": 0,
  "17": 0,
  "18": 0,
  "19": 0,
  "20": 0,
  "21": 0,
  "22": 0,
  "23": 0,
  "24": 0,
  "25": 0,
  "26": 0,
  "27": 0,
  "28": 0,
  "29": 0,
  "30": 0
}