{
  "1": 31.534238,
  "2": 6907.664606,
  "3": 1835.308116,
  "4": 1183.919376,
  "5": 648.366177,
  "6": 0,
  "7": 879.301434,
  "8": 1274.21504,
  "9": 10328.579321,
  "10": 7252.161576,
  "11": 19644.29844,
  "12": 10401.645618,
  "13": 0,
  "14": 16.451446,
  "15": 387.170952,
  "16": 3289.079405,
  "17": 0,
  "18": 0,
  "19": 0,
  "20": 0,
  "21": 0,
  "22": 0,
  "23": 0,
  "24": 0,
  "25": 0,
  "26": 0,
  "27": 0,
  "28": 0,
  "29": 0,
  "30": 0
}