{
  "2025-01-1": 31.534238,
  "2025-01-2": 6907.664606,
  "2025-01-3": 0,
  "2025-01-4": 0
}