{
  "2025-01-1": 31.534238,
  "2025-01-2": 6907.664606,
  "2025-01-3": 1835.308116,
  "2025-01-4": 1183.919376
}