{
  "2024": 96850.67677399998,
  "2025": 64079.695745
}