{
  "2024": 96850.67677399998,
  "2025": 11486.093947000001
}