{
  "2024": 96850.67677399998,
  "2025": 9958.426336
}