{
  "2024": 96850.67677399998,
  "2025": 49865.938097
}