{
  "2024": 96850.67677399998,
  "2025": 8774.50696
}