{
  "2024": 96850.67677399998,
  "2025": 30310.839376000004
}