{
  "2024": 96850.67677399998,
  "2025": 65459.356503999996
}