{
  "2024": 96850.67677399998,
  "2025": 60790.61634
}