{
  "2024": 96850.67677399998,
  "2025": 6939.1988440000005
}