{
  "2024": 96850.67677399998,
  "2025": 60386.993942
}