{
  "2024": 96850.67677399998,
  "2025": 10602.245389
}