{
  "2024": 96850.67677399998,
  "2025": 23088.888308
}