{
  "2024": 96850.67677399998,
  "2025": 12690.724947
}